{"cameraMode":{"drawMode":0,"name":"Shaded","section":"Shading Mode"},"sceneLighting":true,"audioPlay":false,"sceneViewState":{"m_AlwaysRefresh":false,"showFog":true,"showSkybox":true,"showFlares":true,"showImageEffects":true,"showParticleSystems":true,"showVisualEffectGraphs":true,"m_FxEnabled":true},"in2DMode":false,"pivot":{"x":-31.910648345947267,"y":14.269098281860352,"z":1.0295146703720093},"rotation":{"x":0.09022407233715058,"y":0.7068901658058167,"z":-0.09169817715883255,"w":0.6955286860466003},"size":5.122122764587402,"orthographic":false}