{"cameraMode":{"drawMode":0,"name":"Shaded","section":"Shading Mode"},"sceneLighting":false,"audioPlay":false,"sceneViewState":{"m_AlwaysRefresh":false,"showFog":true,"showSkybox":false,"showFlares":true,"showImageEffects":true,"showParticleSystems":true,"showVisualEffectGraphs":true,"m_FxEnabled":true},"in2DMode":false,"pivot":{"x":-3.2485315799713136,"y":0.14281868934631349,"z":-0.09422236680984497},"rotation":{"x":0.01644107699394226,"y":0.08388983458280564,"z":-0.001384307979606092,"w":0.9963384866714478},"size":0.9113863110542297,"orthographic":false}