{"cameraMode":{"drawMode":0,"name":"Shaded","section":"Shading Mode"},"sceneLighting":false,"audioPlay":false,"sceneViewState":{"m_AlwaysRefresh":false,"showFog":true,"showSkybox":false,"showFlares":true,"showImageEffects":true,"showParticleSystems":true,"showVisualEffectGraphs":true,"m_FxEnabled":true},"in2DMode":false,"pivot":{"x":1.1882679462432862,"y":0.053735360503196719,"z":0.18835413455963136},"rotation":{"x":0.022619983181357385,"y":0.7276025414466858,"z":-0.024019621312618257,"w":0.6852057576179504},"size":1.5411033630371094,"orthographic":false}